amt,is_fraud
0.405367904,1
-0.313295671,1
4.82874378,1
-0.378662974,1
6.236683901,1
4.582721596,1
5.228168769,1
-0.359448378,1
-0.365288108,1
6.43033689,1
0.223205996,0
-0.27197801,0
-0.247928368,0
-0.409180274,0
0.154510675,0
-0.433355501,0
-0.283343507,0
-0.416464239,0
-0.260361342,0
-0.024888349,0
